{
    "L:DDMOT3": [
        27.629727065142447,
        0.03218986786433356,
        136
    ],
    "L:D03BDS": [
        -0.024945876177619484,
        0.07007467375069122,
        136
    ],
    "L:D03BDM": [
        -24.980772399902403,
        0.0675319782960831,
        136
    ],
    "L:D03WHV": [
        0.3934849009794347,
        0.00268276067030426,
        136
    ],
    "L:D03HV1": [
        0.34604577457203584,
        0.002075079703201932,
        136
    ],
    "L:D03HV2": [
        0.378876854391659,
        0.0021500100029363933,
        136
    ],
    "L:62FT07": [
        2002.0,
        0.0,
        136
    ],
    "L:D03WHI": [
        0.022595798268037683,
        0.00010152307743294231,
        136
    ],
    "L:D03HI1": [
        0.017822714412913603,
        0.00011502198710261604,
        136
    ],
    "L:D03HI2": [
        0.017905515782973346,
        0.00013928322874855634,
        136
    ],
    "L:C0PHAS": [
        242.0193032657399,
        0.1835002077108151,
        136
    ],
    "L:L0PADJ": [
        226.53773251701804,
        0.007780985833428679,
        136
    ],
    "L:CVPHAS": [
        351.7730026245117,
        0.07329743048027249,
        136
    ],
    "L:LVPADJ": [
        221.30584716796875,
        0.0,
        136
    ],
    "L:V5QSET.SETTING": [
        -32.46001052856445,
        0.0,
        136
    ],
    "L:V5SQ": [
        -32.225399017333984,
        0.022403163838893184,
        136
    ]
}