{
    "FWHM_raw": 1.005025125628137,
    "peaks": [
        73,
        80,
        84,
        91,
        93,
        95,
        98,
        102,
        105,
        107,
        110,
        114,
        116,
        123,
        126,
        130
    ],
    "widths": [
        1.5160792054039263,
        2.4827250743045113,
        3.834959577511569,
        1.3974889904784504,
        1.1855058663862224,
        1.7217410987093302,
        4.435440698532602,
        1.690988162604043,
        2.1121662118390105,
        1.7396709576918,
        1.414182929470556,
        4.943064450930365,
        2.701756552585678,
        1.7117903279736453,
        1.2245162879286227,
        1.189515364966752
    ],
    "heights": [
        1.442726403115416,
        1.5181631644542972,
        1.6184555268403387,
        1.568334127780442,
        1.6415951757126668,
        5.515438532596261,
        1.9949713557487483,
        -0.6038621678127563,
        1.7489480394559118,
        0.9330769368070062,
        2.3027690536383165,
        1.796128106065672,
        2.4858056518508556,
        0.8554094515118424,
        1.0545983248627477,
        0.8017951071113297
    ],
    "left_ips": [
        72.28965863064329,
        79.22418232166028,
        82.49519577422159,
        90.1557735581321,
        92.41449413361377,
        94.86166878817224,
        94.39087460307513,
        100.90901183739595,
        103.60512897297573,
        106.4,
        109.48044567428818,
        113.4,
        115.4,
        122.09315753513751,
        125.3888382308895,
        129.4
    ],
    "right_ips": [
        73.80573783604721,
        81.70690739596479,
        86.33015535173315,
        91.55326254861055,
        93.6,
        96.58340988688157,
        98.82631530160774,
        102.6,
        105.71729518481474,
        108.1396709576918,
        110.89462860375873,
        118.34306445093037,
        118.10175655258568,
        123.80494786311115,
        126.61335451881813,
        130.58951536496676
    ],
    "rms": 2.0279641142366504e-07,
    "FWHM_ps": 334.01669154027843,
    "FWHM_Gauss": 24.2295708043318,
    "GaussFit": [
        -0.04648668497387722,
        2.468138513014557,
        -0.8532639756488191,
        10.289351544632625
    ],
    "pcov": [
        [
            4.512522714735276e-16,
            -3.1910060283514656e-16,
            -1.16079981063067e-20,
            -2.6599495210496826e-15
        ],
        [
            -3.1910060283514656e-16,
            1.925620074562661e-15,
            8.476805098022802e-21,
            -2.843067814213019e-15
        ],
        [
            -1.16079981063067e-20,
            8.476805098022802e-21,
            3.938279477870105e-14,
            6.808008190555178e-20
        ],
        [
            -2.6599495210496826e-15,
            -2.843067814213019e-15,
            6.808008190555178e-20,
            5.506212558811388e-14
        ]
    ],
    "x0err": 1.9845098835405444e-07,
    "sigmaerr": 2.3465320280813105e-07,
    "integral": 63.65719069861315
}